station,dst_score,total_flow,Latitude,Longitude
312132,0.8275220932752209,402.8571428571428,38.409782,-121.48412
312133,1.6021923723668035,533.1071428571429,38.428229,-121.487572
312134,0.8321660158941429,411.5357142857143,38.412421,-121.484289
313159,1.8433164602411007,1029.892857142857,38.443682,-121.490799
314652,1.321975459415785,828.5714285714286,38.443625,-121.491193
314768,1.9228512082570195,963.0,38.489846,-121.514043
314773,2.0916062607906087,984.2142857142856,38.489782,-121.514316
314780,3.381046759976854,1018.1785714285714,38.510081,-121.521912
314786,2.419487918095627,943.6428571428572,38.510029,-121.522187
314792,3.081418236033228,938.6071428571428,38.533567,-121.51713
314799,4.0178486938874745,1840.0,38.533625,-121.517368
314808,2.5781788040439966,1081.2857142857142,38.568913,-121.510147
314821,4.662864593850332,1830.928571428572,38.59013,-121.504305
314828,4.604210434570626,1996.2857142857144,38.59013699999999,-121.504623
314835,3.5865053369181044,1401.142857142857,38.55921,-121.513859
314843,4.017962553871368,1839.857142857143,38.559254,-121.514189
314848,3.4985300636912626,1412.7142857142858,38.548243,-121.509639
314853,4.0178486938874745,1840.0,38.54827,-121.509944
314876,1.288695346395796,551.6071428571429,38.480219,-121.509724
314877,1.969894846282325,704.4642857142857,38.480069,-121.509949
314886,2.186944431594764,690.1785714285714,38.482406000000005,-121.510962
314909,3.1049520227204663,1102.2142857142858,38.498603,-121.517203
314936,3.299177954796839,1370.0,38.526156,-121.52084
314955,4.0178486938874745,1840.0,38.57689,-121.507614
314982,4.017933516193895,1515.857142857143,38.581084,-121.504268
314994,3.9755620070640845,1399.5,38.614683,-121.512458
315006,3.7366088731792164,1315.2857142857142,38.617489,-121.513873
315017,3.854042789864438,1413.892857142857,38.58608,-121.502951
315030,3.9734614417499468,1618.2857142857142,38.59567,-121.50418
315042,3.7132343437194186,1316.642857142857,38.607001,-121.508425
315054,4.005899996288039,1508.892857142857,38.60756,-121.508402
315060,1.109358538628706,129.64285714285714,38.428356,-121.487996
315927,3.2969879948100704,1170.0,38.64377,-121.526374
315938,3.2972609622288633,1351.857142857143,38.642046,-121.525792
315955,2.8533634548957227,1113.678571428571,38.644208,-121.526971
315969,2.9647362516679276,1165.25,38.64158200000001,-121.525185
316073,2.780223609947497,1169.7142857142858,38.566166,-121.513
316074,2.780223609947497,1169.7142857142858,38.566118,-121.51304
316095,0.9691770221257694,349.0,38.673195,-121.637449
316096,0.9598796367356915,383.4285714285714,38.67346100000001,-121.637445
317802,0.9170716387120369,648.75,38.389782,-121.47958
317806,0.8919042432324792,630.5714285714286,38.389764,-121.479957
317814,1.7302724116882153,973.1428571428572,38.43602500000001,-121.489227
317815,1.2294424677568594,577.8928571428571,38.435996,-121.48957699999998
317820,2.5781788040439966,1081.2857142857142,38.442351,-121.490528
317825,2.5781788040439966,1081.2857142857142,38.442298,-121.4909
317830,2.0442980260683963,1052.5357142857142,38.47278,-121.500846
317835,1.8744498232231546,1066.5357142857142,38.47261099999999,-121.50114999999998
317842,1.5956185472012596,982.8571428571428,38.665158,-121.53841
317843,2.8680271062757696,939.3214285714286,38.665003,-121.537985
318249,2.3774603204604214,945.1785714285714,38.62811800000001,-121.518745
318259,2.516213452148475,953.1785714285714,38.628131,-121.51875200000002
318484,4.017751700023336,1839.857142857143,38.575811,-121.508379
318599,2.4799121969013966,1082.5357142857142,38.498579,-121.517451
318626,3.72971443260205,1762.571428571429,38.526211,-121.521086
318632,4.0178486938874745,1840.0,38.595674,-121.503864
318674,4.023176474449667,1845.678571428572,38.58113,-121.504566
318698,0.9141243038549322,420.2142857142857,38.673663,-121.726747
318711,2.6562343092075897,1265.642857142857,38.657434,-121.53417
318721,2.9876547342050146,1200.75,38.655262,-121.53299
319306,3.820793265132598,1987.5,38.597326,-121.503805
319314,4.443495725477449,2131.285714285714,38.597312,-121.504129
319767,1.8749582787674755,631.5714285714286,38.465145,-121.496322
319780,2.589237748926104,817.0,38.46759000000001,-121.497215
319793,1.5565447369767071,609.0714285714286,38.467403,-121.497538
319805,1.73881813801904,654.8928571428571,38.465105,-121.496723
601241,0.850147025228931,460.1071428571428,35.486091,-119.516913
601277,0.8152131374393727,468.8928571428572,35.587296,-119.62763
601278,0.811287870643412,462.5,35.528851,-119.565728
601279,0.8373702085576995,467.1428571428572,35.503831,-119.53884
601280,0.8205205129508344,453.3571428571428,35.403061,-119.402843
601281,0.665952135279814,400.82142857142856,35.17005,-119.120044
601282,0.849308809962714,678.2857142857143,35.094803,-119.036825
601283,0.7135785070391308,469.6071428571428,35.063307,-119.00312900000002
601284,0.7065757771790974,420.0357142857143,35.022381,-118.960142
601285,1.7985898454286178,972.5357142857144,34.967799,-118.939104
601286,1.7757631256546933,963.5714285714286,34.914506,-118.923609
601309,0.8019865788701853,533.1071428571429,35.209575,-119.163095
601310,0.6996672202244608,417.1428571428572,35.271319,-119.228751
601315,0.8126077204233098,445.9642857142857,35.442203,-119.456402
601318,0.7162608444586301,446.75,35.667514,-119.69125900000002
601326,0.8468379699025429,592.0,35.875808,-119.852701
601335,0.7596298607356332,516.6785714285714,36.444085,-120.401418
601336,0.7676524349014858,544.7857142857143,36.678379,-120.652378
601337,0.801268607252052,653.25,36.77864,-120.724386
601338,0.6832076788234834,429.3928571428572,36.853708,-120.77604
601339,1.8994605956538513,1093.571428571429,34.993067,-118.947281
601340,0.7761257067438879,547.0714285714286,36.644074,-120.626097
601505,0.7156666014680647,487.1071428571428,35.934586,-119.911797
601506,0.73467805121967,485.5357142857143,35.947416,-119.92494
601510,1.8222810946553059,1068.857142857143,34.939412,-118.929744
601516,0.7052990619928171,420.2857142857143,35.320704,-119.287451
601518,0.8476917026462732,464.1785714285714,35.36547,-119.350584
601519,0.7733534295686431,424.7142857142857,35.415413,-119.419797
601589,0.7332194172892614,479.6071428571428,36.060874,-120.075363
601590,0.8908649136074526,738.3214285714286,36.077043,-120.102109
601591,0.7218130430911521,476.1428571428572,36.209496,-120.215386
601592,0.6266671146548457,444.2857142857143,36.252899,-120.24267
601731,0.7868425960520012,528.8928571428571,36.361347,-120.327406
601732,0.7599062005751477,512.3571428571429,36.384978,-120.348524
601734,0.6673003560825633,387.1428571428572,35.839368,-119.819753
601735,0.13104704288329838,133.35714285714286,35.804441,-119.793225
602241,0.8437492699236095,480.3928571428572,35.485888,-119.517128
602277,0.793613177442894,453.7857142857143,35.587101,-119.627797
602278,0.7930157844770354,467.82142857142856,35.528613,-119.565846
602279,0.7904200860298881,472.2142857142857,35.503529,-119.538996
602280,0.8053114957725035,474.5357142857143,35.402754,-119.40312000000002
602281,0.6630833905745659,466.5357142857143,35.169945,-119.120437
602282,0.8319344559676208,669.3214285714286,35.094442,-119.036928
602283,0.6416958153221443,461.32142857142856,35.062951,-119.00321700000002
602284,0.9841505020189891,683.9642857142857,35.021369,-118.959684
602285,2.2223267265857465,1086.75,34.967746,-118.939355
602286,1.7879328343069607,915.3928571428572,34.914353,-118.924116
602309,0.6544037193863518,455.9642857142857,35.209404,-119.163358
602310,0.6945553419134797,456.32142857142856,35.270974,-119.228967
602315,0.7994566096046576,473.0,35.441675,-119.456339
602318,0.6927092142116198,415.4285714285714,35.666428,-119.690757
602326,0.6912127999418508,385.9642857142857,35.875646,-119.853016
602335,0.7396312320828563,415.1071428571428,36.443922,-120.401737
602336,0.754318237792252,352.4642857142857,36.678245,-120.65271300000002
602337,0.782894999481382,520.7142857142857,36.778411,-120.72471400000002
602338,0.7781785374739632,339.6428571428572,36.853651,-120.776448
602339,1.8436804684054737,895.9285714285714,34.992818,-118.947493
602340,0.7535415376307956,354.7142857142857,36.643949,-120.62644
602505,0.6925245934531481,376.0,35.934417,-119.912116
602506,0.7206882704658165,384.2142857142857,35.947231,-119.925252
602510,1.7743074338534324,895.4642857142857,34.939167,-118.930795
602516,0.6909723661457282,449.32142857142856,35.320361,-119.28754
602518,0.8788601327985884,509.75,35.365033,-119.350608
602519,0.8236170431055122,482.1428571428572,35.415112,-119.419953
602589,0.7260498661140096,392.5357142857143,36.060723,-120.075539
602590,0.6686284622284582,369.0357142857143,36.076771,-120.102334
602591,0.7037212089012838,380.32142857142856,36.20939,-120.215693
602592,0.5890973745976135,333.2142857142857,36.252771,-120.243043
602731,0.7519296638595022,383.75,36.361194,-120.327718
602732,0.7509337447244885,384.6428571428572,36.384829,-120.348828
602734,0.6982320543547647,456.4285714285714,35.83923,-119.820048
602735,0.13365728892507991,151.25,35.804301,-119.793569
619991,0.8054434850637464,458.3928571428572,35.559089,-119.598218
619999,0.6739863661945847,411.7142857142857,35.250973,-119.20724699999998
629991,0.7601208106539127,454.2142857142857,35.559093,-119.598582
629999,0.6665952012996815,457.8571428571428,35.250749,-119.207364
715898,6.209217137904559,3897.714285714286,33.880183,-118.021787
715918,4.853525549382415,2689.0,33.93311,-118.091005
715920,5.768585379794129,3443.714285714286,33.938544,-118.094941
715929,5.319107057632158,3270.8571428571427,33.971707,-118.123095
715930,5.451079276682272,3025.428571428572,33.971763,-118.12290500000002
715933,5.030718033607341,2740.678571428572,33.981839,-118.130679
715938,5.499867575966704,3114.0714285714284,34.002541,-118.150997
715944,5.141803707802771,3267.8928571428573,34.013676,-118.16609099999998
715947,3.810353069395544,2779.3571428571427,34.015325,-118.17127
715996,6.0811911463111334,2498.5,34.243318,-118.42108
716007,4.7912724222826455,3009.8571428571427,34.341625,-118.526002
716010,0.9735675183044853,428.8571428571428,34.368149,-118.55885
716016,0.9735675183044853,428.8571428571428,34.431273,-118.588555
716017,0.9735675183044853,428.8571428571428,34.43153,-118.588374
716023,1.8383131463925053,1301.321428571429,34.571045,-118.689102
716895,4.876791440911517,2907.6071428571427,33.963867,-118.11987
716896,4.853360115928965,2689.1428571428573,33.880305,-118.02169
716898,6.209217137904559,3897.714285714286,33.882892,-118.026822
716899,4.853525549382415,2689.0,33.8834,-118.027451
716900,4.853525549382415,2689.0,33.886992,-118.034125
716902,5.070409167082915,3339.285714285714,33.892489,-118.044573
716904,5.070409167082915,3339.285714285714,33.894587,-118.048098
716906,6.209217137904559,3897.714285714286,33.903961,-118.064046
716907,6.209217137904559,3897.714285714286,33.900669,-118.059422
716908,6.209217137904559,3897.714285714286,33.911074,-118.071686
716911,5.070409167082915,3339.285714285714,33.916643,-118.079557
716912,6.209217137904559,3897.714285714286,33.920763,-118.082501
716916,5.5314680186248095,3252.25,33.956897,-118.110532
716918,5.28360502065719,3110.0714285714284,33.958225,-118.11239
716920,5.04805336551784,2739.25,33.97646,-118.125953
716921,4.814123115107488,3093.1428571428573,33.976554,-118.125758
716922,5.003883116333973,3186.928571428572,33.986224,-118.136014
716923,4.741444800294829,2637.714285714286,33.985955,-118.135337
716924,4.46088415535207,2962.0,33.994935,-118.14469
716925,5.164244226597376,2887.8928571428573,33.995023,-118.144513
716928,4.477216209444908,3036.178571428572,34.007592,-118.157266
716929,5.149217195676898,2931.678571428572,34.007196,-118.156466
716930,5.00824336910826,3269.678571428572,34.013529,-118.166192
716933,6.282139640171863,3942.964285714286,34.020076,-118.181702
716934,6.209574186435024,4274.857142857143,34.019879,-118.181588
716936,6.512700073084552,4254.607142857143,34.020088,-118.189029
716937,5.58966486082219,3449.714285714286,34.025295,-118.205056
716938,5.589954642004797,3450.285714285714,34.029033,-118.217141
716939,5.58966486082219,3449.714285714286,34.041407,-118.218373
716940,5.58966486082219,3449.714285714286,34.047784,-118.214638
716941,3.412318821558187,1992.357142857143,34.057314,-118.214378
716942,5.288486317132197,2679.5,34.05905,-118.214488
716943,3.270608698518441,1731.4642857142858,34.059006,-118.214706
716944,3.730620914241046,2195.714285714286,34.069368,-118.217386
716946,2.982593372758164,1623.857142857143,34.080943,-118.22237
716949,5.061743192467823,2422.1428571428573,34.083198,-118.228213
716951,5.5903261261131405,3450.285714285714,34.086881,-118.233611
716953,6.485130875866929,3315.214285714286,34.094038,-118.242314
716955,5.857425687031685,3374.3214285714284,34.095413,-118.243957
716956,5.15031745949353,2191.0714285714284,34.108429,-118.258982
716958,4.906877398843138,2357.928571428572,34.111314,-118.264526
716960,4.015471597911957,1813.25,34.118291,-118.270166
716963,4.178383843293015,2283.0,34.164088,-118.295568
716965,4.324490670525691,2436.8214285714284,34.163197,-118.29497
716968,3.834753990230457,1769.928571428571,34.165484,-118.29752999999998
716971,4.325513110855296,2060.714285714286,34.17007,-118.303837
716973,4.247900401096143,2215.928571428572,34.170572,-118.30448
716974,4.29298729695074,2154.214285714286,34.179879,-118.312407
716975,0.9735675183044853,428.8571428571428,34.186308,-118.319601
716977,4.515866560914378,2411.5,34.184491,-118.316733
716978,4.897964762729127,2700.214285714286,34.187037,-118.320656
716979,0.9735675183044853,428.8571428571428,34.19381,-118.330292
716981,0.9735675183044853,428.8571428571428,34.193931,-118.330086
716983,0.9735675183044853,428.8571428571428,34.200916,-118.339473
716985,0.9735675183044853,428.8571428571428,34.200877,-118.339185
716986,0.9735675183044853,428.8571428571428,34.211259,-118.347597
716988,0.9735675183044853,428.8571428571428,34.212728,-118.349041
716989,0.9735675183044853,428.8571428571428,34.221104,-118.358957
716990,0.9735675183044853,428.8571428571428,34.222169,-118.3673
716991,0.9735675183044853,428.8571428571428,34.221822,-118.364915
716993,0.9735675183044853,428.8571428571428,34.225778,-118.375075
716994,0.9735675183044853,428.8571428571428,34.225945,-118.374982
716996,0.9735675183044853,428.8571428571428,34.226376,-118.385923
716997,0.9735675183044853,428.8571428571428,34.227093,-118.389006
716999,0.9735675183044853,428.8571428571428,34.226944,-118.389042
717000,3.665463820392459,2110.0,34.231273,-118.40134
717001,4.013025760957963,1852.357142857143,34.231047,-118.401401
717002,4.751223058974753,1794.392857142857,34.23742,-118.414827
717004,6.5022081144852715,2487.428571428572,34.245149,-118.422992
717006,6.874027250966738,2981.5714285714284,34.249183,-118.42725699999998
718081,2.8382634945459846,1934.821428571429,33.905186,-118.065055
718085,4.821910735712295,3254.6071428571427,34.011229,-118.161247
718086,4.4618610351448895,2921.6428571428573,34.015567,-118.171131
718089,4.293011432972171,2393.178571428572,34.123357,-118.272486
718090,5.683875083513243,2647.285714285714,34.148833,-118.27989
718092,6.116069749666335,3410.8928571428573,34.24614,-118.423735
718358,4.853525549382415,2689.0,33.896767,-118.052213
718364,4.870895102902335,3141.5714285714284,34.002455,-118.151164
718370,4.6057733264407466,2525.178571428572,34.09021,-118.238774
718371,6.396777818099474,3416.6071428571427,34.090311,-118.238626
718375,5.286512192360285,2507.0714285714284,34.100828,-118.248623
718376,4.278901714572577,2160.5714285714284,34.104544,-118.252924
718379,5.049806414516954,2432.928571428572,34.141806,-118.278086
718384,5.285040576195695,2966.8214285714284,34.156976,-118.290498
718389,5.305526277486475,3028.214285714286,34.244193,-118.42169
718392,3.4583217216725273,1382.0,34.263648,-118.4415
718393,3.3504457960362575,1329.642857142857,34.268223,-118.445171
718394,2.7567419183785575,1386.571428571429,34.26834,-118.444992
718404,4.3784866504033735,2319.964285714286,34.320108,-118.4945
718405,6.322472790201061,2895.928571428572,34.311743,-118.487332
759172,4.853177938303571,2689.714285714286,34.341011,-118.522527
759228,6.325684534822802,2204.8571428571427,34.254614,-118.433051
759250,6.368383366804192,2611.035714285714,34.256907,-118.435472
759513,5.070409167082915,3339.285714285714,33.917571,-118.080056
759518,2.7114562729180034,1935.2142857142856,33.913564,-118.075867
759531,5.035389631196159,2886.0,33.957583,-118.111199
759542,5.326582928362524,2998.75,33.95891,-118.113036
759552,5.231514981952254,2928.5,33.9632,-118.1189
759566,5.8709736852542065,3395.464285714286,34.020251,-118.189669
759576,5.634905614096855,3566.035714285714,34.021135,-118.195375
759591,5.246458041103513,2392.8571428571427,34.114313,-118.267737
759602,4.8886282024630905,2191.928571428572,34.123398,-118.272271
759617,2.8349577852005097,1475.2857142857142,34.266064,-118.442825
759626,2.751848302516912,1451.7142857142858,34.279114,-118.455041
759636,4.358370375407221,2754.428571428572,34.304527,-118.480635
759648,4.853360115928965,2689.1428571428573,34.364506,-118.555784
759654,0.9735675183044853,428.8571428571428,34.408287,-118.576071
759666,0.9735675183044853,428.8571428571428,34.424267,-118.58367
759672,0.9735675183044853,428.8571428571428,34.458426,-118.615547
759677,0.9735675183044853,428.8571428571428,34.497131,-118.624674
759685,1.7805670102553954,925.1785714285714,34.709779,-118.796647
759700,6.936921965244131,5170.428571428572,34.020961,-118.195456
759707,6.530985549699028,5301.928571428572,34.025109,-118.20517
759747,5.1619667563080265,3054.6428571428573,34.156871,-118.290763
759762,4.506728994459049,2061.3571428571427,34.167992,-118.301293
759772,4.546075211147846,2058.0714285714284,34.168963,-118.302648
759783,3.8891337061266555,1593.071428571429,34.176309,-118.30783
759822,4.548028663916082,2112.3928571428573,34.271236,-118.448172
759834,2.885934857928845,1608.0357142857142,34.275954,-118.451881
759835,3.7316560948273954,1843.642857142857,34.275868,-118.452003
759844,4.107493657518694,1578.142857142857,34.273972,-118.450111
759850,2.88778729881644,1262.428571428571,34.277432,-118.45372
759858,6.075666278391725,2254.535714285714,34.300684,-118.477275
759870,0.9735675183044853,428.8571428571428,34.358847,-118.554053
759888,4.853360115928965,2689.1428571428573,34.374508,-118.563047
759900,4.853360115928965,2689.1428571428573,34.378358,-118.56549400000002
759906,0.9735675183044853,428.8571428571428,34.408604,-118.57657299999998
759914,0.9735675183044853,428.8571428571428,34.420911,-118.582284
759927,0.9735675183044853,428.8571428571428,34.454192,-118.615941
759933,0.9735675183044853,428.8571428571428,34.495729,-118.623863
759942,0.9735675183044853,428.8571428571428,34.565923,-118.685975
761599,5.9213195986497,2994.25,34.142573,-118.277948
761604,4.793355744147594,2781.464285714286,34.153792,-118.286458
761644,0.9735675183044853,428.8571428571428,34.226627,-118.383614
762347,4.853360115928965,2689.1428571428573,33.876414,-118.014459
762353,4.853360115928965,2689.1428571428573,33.890697,-118.041009
762398,6.20919528180907,3897.857142857143,33.876316,-118.014605
763237,4.138238665356124,2405.428571428572,34.076978,-118.219273
763641,2.2807210843373356,1569.4642857142858,34.333878,-118.508285
763669,4.705379048260868,2143.8214285714284,34.104688,-118.252741
763674,4.501233623406654,2454.464285714286,34.100954,-118.248419
763700,2.190274232124111,1348.25,34.027763,-118.21071399999998
763706,6.209217137904559,3897.714285714286,33.896666,-118.052294
763748,6.209217137904559,3897.714285714286,33.89061,-118.04108800000002
763975,4.441351211176607,2550.8928571428573,33.992305,-118.141915
763980,4.162450892262367,3054.0,33.992211,-118.142079
763985,4.936010722304061,2848.785714285714,33.953085,-118.105015
763990,6.015997910266733,3408.5,33.952949,-118.10516300000002
764151,4.481490350225739,2224.3928571428573,34.239278,-118.4168
764156,3.6932867516814913,2196.964285714286,34.239405,-118.416632
764232,3.9366544545370448,2231.8571428571427,33.939747,-118.095531
764417,4.853360115928965,2689.1428571428573,34.162761,-118.294541
764435,5.631726002176783,3186.3214285714284,34.011295,-118.161135
768138,4.853360115928965,2689.1428571428573,34.368218,-118.558498
768523,5.088207723368867,3250.0,33.981723,-118.130845
768655,5.263045631919649,2083.25,34.25709,-118.435212
768664,4.360996352503134,2021.428571428572,34.254804,-118.432792
768682,7.005927018020425,3448.785714285714,34.249318,-118.427068
768701,1.8173484809564275,1000.7857142857144,34.33367,-118.50838
769029,0.9729823884994491,430.0,34.436709,-118.594465
769030,0.9729823884994491,430.0,34.436509,-118.594682
769042,0.9735675183044853,428.8571428571428,34.439618,-118.598334
769043,0.9735675183044853,428.8571428571428,34.439432,-118.598526
769054,0.9735675183044853,428.8571428571428,34.441909,-118.602777
769055,0.9735675183044853,428.8571428571428,34.441758,-118.602939
769090,0.9735675183044853,428.8571428571428,34.393517,-118.571234
769091,0.9735675183044853,428.8571428571428,34.393574,-118.570864
769625,2.719258231095536,1940.357142857143,33.900806,-118.059282
771135,0.9735866491038294,429.0,34.26834,-118.444992
771143,0.9735866491038294,429.0,34.275954,-118.451881
771147,0.4364340990935854,91.60714285714286,34.277432,-118.45372
771150,0.4432858311621121,189.6071428571429,34.279114,-118.455041
771153,0.488042049239165,101.60714285714286,34.300684,-118.477275
771155,0.9735866491038294,429.0,34.304527,-118.480635
771157,0.6740942118022663,288.0357142857143,34.320108,-118.4945
772055,0.9735675183044853,428.8571428571428,34.407375,-118.576054
773630,0.9735675183044853,428.8571428571428,34.457553,-118.61597399999998
774092,4.927756664848954,3087.0714285714284,34.311851,-118.487084
774093,2.055187371003774,1308.142857142857,34.311851,-118.487084
774344,4.784089124202405,2641.928571428572,34.318789,-118.493056
774345,0.9735866491038294,429.0,34.318789,-118.493056
774514,0.9735675183044853,428.8571428571428,34.392092,-118.570906
775012,5.070409167082915,3339.285714285714,33.892607,-118.04446799999998
775390,0.9735866491038294,429.0,34.249183,-118.42725699999998
775391,0.9735866491038294,429.0,34.249318,-118.427068
775397,0.9735866491038294,429.0,34.24614,-118.423735
775404,0.5837693201209492,95.82142857142856,34.245149,-118.422992
775407,0.9735866491038294,429.0,34.243318,-118.42108
775413,0.9735866491038294,429.0,34.244193,-118.42169
775419,0.5054635610827086,250.32142857142856,34.263648,-118.4415
775425,0.9735866491038294,429.0,34.256907,-118.435472
775426,0.9735866491038294,429.0,34.25709,-118.435212
775442,0.8012346553720794,479.32142857142856,34.239405,-118.416632
775443,1.403514095137578,801.4642857142857,34.239278,-118.4168
775461,0.6082861101630124,96.32142857142856,34.23742,-118.414827
775462,3.8973295948125712,1959.9642857142856,34.23758,-118.414654
775463,0.3102998024929671,141.07142857142858,34.23758,-118.414654
775476,0.9735866491038294,429.0,34.254614,-118.433051
775477,0.9735866491038294,429.0,34.254804,-118.432792
775520,3.784136292470228,2194.8214285714284,34.334956,-118.509451
775535,4.811023042875298,3076.5714285714284,34.326025,-118.503782
775536,4.592023239838917,2385.214285714286,34.325864,-118.50398400000002
775537,0.2779726464264902,160.85714285714286,34.326025,-118.503782
775538,0.9735866491038294,429.0,34.325864,-118.50398400000002
775734,5.068993967551842,2306.428571428572,34.120938,-118.271262
1000110,3.057014920948628,898.25,37.881396,-121.278917
1000210,2.971563916287892,845.0714285714286,37.87381799999999,-121.2779
1000310,2.912876141140503,839.8928571428571,37.867677,-121.278858
1000410,2.7567266838055526,957.8928571428572,37.862729,-121.280287
1000510,2.8436404088914764,769.6071428571429,37.856421,-121.28201
1000610,2.978680575798015,829.2142857142857,37.849282,-121.283757
1000710,3.0104293195221086,841.7142857142857,37.848654,-121.2839
1000810,2.9640176636205005,826.9642857142857,37.842193,-121.285444
1000910,2.2500280754185096,821.8571428571429,37.835254,-121.28705
1001010,2.8151232373684754,812.4642857142857,37.82295800000001,-121.291558
1001110,2.7046731306583194,768.0714285714286,37.817653,-121.293618
1001210,2.5947965444013374,863.8214285714286,37.819173,-121.293027
1001310,2.5799986310177117,715.3571428571429,37.811683,-121.295858
1001410,2.9824432762483024,814.1785714285714,37.803031,-121.298885
1001510,2.984837275299279,817.8928571428571,37.797086,-121.300774
1001610,2.987292686376915,815.5,37.801026,-121.299582
1001710,2.975253454416393,830.3214285714286,37.791042,-121.301166
1001810,2.310420006362368,617.6428571428571,37.78544800000001,-121.306333
1001910,4.608135802207217,1137.0357142857142,37.780898,-121.313206
1003410,4.906632741561468,1260.928571428571,37.777888,-121.317326
1003510,4.668757723178242,1195.642857142857,37.773041,-121.323965
1003610,4.652464291719734,1198.7142857142858,37.768233,-121.33057700000002
1007410,3.0131997672946365,1473.5357142857142,37.906671,-121.28707900000002
1007510,3.067665705906716,864.4285714285714,37.906616,-121.287406
1007810,1.005962656367238,547.7857142857143,37.467554,-121.183979
1007910,0.970822412259417,413.6785714285714,37.467399,-121.184334
1015810,1.0664057158456843,615.8928571428571,37.767234,-121.331393
1015910,1.101813726025297,387.7142857142857,37.769432,-121.328359
1016010,1.1616299198853524,481.0357142857143,37.77193,-121.324925
1016110,2.8569029891945275,1418.321428571429,37.773929,-121.322227
1016610,3.123076695124239,1339.0357142857142,37.934384,-121.296949
1017010,3.083185860487394,867.6785714285714,37.908148,-121.287966
1021310,2.0130518426925126,1104.0,37.91454600000001,-121.289927
1021410,2.296145963559311,227.42857142857144,37.919077,-121.29157
1021510,2.552764565652085,1225.4642857142858,37.928153,-121.294818
1022010,2.5442044295707187,1145.75,37.957353,-121.329364
1022210,1.6407454371901473,164.0,37.983166,-121.342651
1022410,2.1598904267575616,394.5357142857143,38.003363,-121.35067
1022610,2.1727760265667793,396.1071428571428,38.021664,-121.358812
1022910,1.6285211382597342,540.3214285714286,38.096414,-121.386265
1023710,2.1889540270337986,898.3571428571429,37.950905,-121.304716
1023910,1.8206870476559314,697.9285714285714,37.95719,-121.329529
1024110,2.2957778699731315,225.1428571428572,37.98433,-121.34350499999998
1024210,2.2349598589131037,390.82142857142856,37.99984,-121.349638
1024510,2.2160475061534504,390.8928571428572,38.021065,-121.358866
1024810,1.5528614493971171,594.6428571428571,38.096325,-121.386559
1027410,1.8918288852103367,892.3928571428571,37.945536,-121.299006
1031610,1.5729159700804205,56.42857142857143,36.917011,-120.82603000000002
1031710,1.5729159700804205,56.42857142857143,36.920456,-120.830074
1031810,1.5729159700804205,56.42857142857143,36.928059,-120.837904
1032010,1.5729159700804205,56.42857142857143,37.054464,-120.967416
1032410,1.5729159700804205,56.42857142857143,37.104978,-121.014532
1032510,1.5729159700804205,56.42857142857143,37.109967,-121.018645
1032610,1.5729159700804205,56.42857142857143,37.12627200000001,-121.02969500000002
1032710,0.7327169022434995,541.2857142857143,37.129771,-121.032016
1032810,0.7306352693688621,538.6428571428571,37.243521,-121.08811
1033110,2.2966309797025235,226.28571428571428,36.928717,-120.838989
1033310,2.2966309797025235,226.28571428571428,37.053245,-120.966733
1033710,2.2966309797025235,226.28571428571428,37.104679,-121.014657
1033810,2.2966309797025235,226.28571428571428,37.10856,-121.017892
1033910,2.2966309797025235,226.28571428571428,37.12492000000001,-121.029123
1034010,0.9137271510878352,335.25,37.125431,-121.029468
1034110,0.8314440798051376,389.32142857142856,37.243496,-121.088439
1048010,4.312069995691695,2272.75,37.78067500000001,-121.312939
1048210,2.292545593005103,1170.5357142857142,37.790869,-121.300887
1048310,2.991734714781441,1565.9642857142858,37.800904,-121.299275
1048610,2.874703534976255,1624.892857142857,37.78576,-121.305278
1073210,1.2595778494535497,483.7142857142857,38.14089,-121.399039
1073310,1.3306207868467064,479.6071428571428,38.14088,-121.399398
1073410,2.296145963559311,227.42857142857144,38.026124,-121.361009
1073510,2.296145963559311,227.42857142857144,38.026057,-121.361321
1077110,2.296145963559311,227.42857142857144,38.0398,-121.366855
1077210,2.296145963559311,227.42857142857144,38.046814,-121.36903
1077310,1.3885974704067616,616.5357142857143,38.053311,-121.37105
1077410,2.296145963559311,227.42857142857144,38.039131,-121.366967
1077910,1.026005315081419,469.6785714285714,38.13775,-121.399028
1078010,1.0468764806440458,554.8928571428571,38.146505,-121.39901
1078110,2.2966309797025235,226.28571428571428,38.154079,-121.39920100000002
1078210,0.953476652604374,519.5357142857143,38.160951,-121.399345
1078310,0.9358375111926535,514.7857142857143,38.160955,-121.399694
1078410,2.2966309797025235,226.28571428571428,38.153714,-121.399541
1078510,1.0264912933092958,512.3214285714286,38.146172,-121.399352
1078610,0.9967973474454461,504.5,38.137531,-121.39938100000002
1078710,1.3554455098491598,697.9642857142857,38.053068,-121.371312
1091610,0.41166356700916623,192.0,37.593511,-121.338611
1091810,0.4278386368233768,276.67857142857144,37.594022,-121.33737
1096010,2.680112567186186,746.8214285714286,37.897626,-121.284172
1096310,2.558339803703697,1293.107142857143,37.898833,-121.284265
1096510,2.891840366467509,827.1071428571429,37.895009,-121.283225
1096710,2.6296936025236723,1334.7857142857142,37.895914,-121.28320700000002
1108417,4.151840580347497,2193.285714285714,32.723898,-117.156068
1108434,3.6785640672958064,1447.5,32.930855,-117.241058
1108436,0.3568372845875807,87.25,32.932244,-117.241031
1108437,3.439181798492433,1241.357142857143,32.932244,-117.241031
1108452,2.648361168932453,834.5,32.86542,-117.229933
1108459,4.090834364163048,1661.928571428571,33.191265,-117.363271
1108461,4.8569072313736665,1896.642857142857,33.179734,-117.353651
1108463,5.472818623814258,1893.5,33.17092,-117.346811
1108468,3.805589659331139,1383.7857142857142,32.979922,-117.253241
1108471,3.7430440695692213,1425.392857142857,32.995955,-117.25672
1108473,4.376854713683284,1495.4642857142858,33.010643,-117.265228
1108475,3.3889745323799474,1216.107142857143,33.02625,-117.274915
1108477,4.323562569285826,1396.678571428571,33.036347,-117.281649
1108479,3.6750900501099486,1137.2142857142858,33.048438,-117.28735100000002
1108498,2.21232537658928,660.2857142857143,32.87259,-117.229295
1108507,3.7473715529976683,1609.857142857143,32.950106,-117.243571
1108509,3.887351423689665,1346.607142857143,32.979329,-117.252709
1108512,3.8928535266985467,1411.821428571429,32.995723,-117.256395
1108547,4.20412747547007,1402.7142857142858,32.79154,-117.20716
1108560,3.4993769586223737,1293.857142857143,33.151704,-117.336331
1108603,4.121028867352849,1107.5,32.727284,-117.167641
1108605,3.838617666644423,1639.7857142857142,32.731172,-117.17131299999998
1108609,2.628248253346118,1116.928571428571,32.741281,-117.18045399999998
1108611,2.980460307470398,929.25,32.741137,-117.179918
1108613,3.5808060836279285,1695.321428571429,32.743306,-117.184005
1108615,3.5953127587832374,1294.821428571429,32.746776,-117.19189
1108617,3.8074348335936445,1427.678571428571,32.749525,-117.19554
1108651,4.493907735130819,1950.75,33.064668,-117.291997
1108657,4.561047171047073,1488.0,33.162818,-117.342266
1108659,4.406299091897995,1599.178571428571,33.136145,-117.330076
1108661,3.345654297771437,1339.142857142857,33.134348,-117.329451
1108663,3.9549876570955877,1431.071428571429,33.086077,-117.299048
1108665,2.7768145072322987,918.4642857142856,32.813608,-117.221091
1108667,2.8412725568289527,1013.5,32.836472,-117.234271
1108669,2.777245094308936,1003.5357142857144,32.848811,-117.235604
1108672,3.5608825213871618,1494.0,33.200618,-117.373434
1108680,4.553126368061046,1584.821428571429,33.103493,-117.310641
1108682,3.351864694706995,1277.7142857142858,33.103602,-117.310425
1108685,2.522354255382274,1203.5,33.122973,-117.322702
1108687,3.6908867342907605,1648.607142857143,33.12394,-117.32296
1108693,3.0691857608095785,943.6071428571428,32.800576,-117.211766
1108711,4.428680376447482,1793.9642857142858,32.788012,-117.207155
1108719,2.7727717327947747,942.9285714285714,32.87153,-117.229139
1108723,3.8071658872863186,1152.928571428571,33.064772,-117.292309
1108725,6.861972677141007,2519.678571428572,33.081594,-117.297304
1113976,3.745102431488183,1232.392857142857,32.724117,-117.156091
1114035,2.3365240048026306,1126.607142857143,32.788076,-117.2069
1114050,3.7610623444446705,1398.107142857143,32.746531,-117.190868
1114091,2.0255556885116883,1198.428571428571,32.544463,-117.032486
1114190,3.3940752193614916,945.1428571428572,32.658963,-117.107386
1114205,4.262188420822349,1155.7857142857142,32.686187,-117.11275
1114211,3.5691147126665075,848.3571428571429,32.694337,-117.124759
1114219,3.8878798025957213,1009.2142857142856,32.695918,-117.134988
1114228,2.459056762319609,948.1071428571428,32.544287,-117.032725
1114240,3.3004808848200526,1615.9642857142858,32.65888,-117.10767
1114254,4.678333940846509,2772.1428571428573,32.685989,-117.113063
1114268,3.7523167856955353,2173.3928571428573,32.69574,-117.135196
1114296,3.0768454818909725,940.4642857142856,32.855148,-117.231251
1114720,1.5269504763551855,611.3571428571429,32.561334,-117.067081
1114721,1.40555878936447,687.1071428571429,32.561106,-117.067228
1114805,2.45272239296636,841.5714285714286,32.779349,-117.208332
1114806,4.470853588269292,1547.857142857143,32.779286,-117.2086
1115277,0.5706520924699551,238.6071428571429,32.932271,-117.241036
1115289,5.18239505347306,1896.4642857142856,33.179859,-117.353416
1115304,3.8867799921997537,1448.9642857142858,33.191415,-117.363042
1115306,3.4749234730030136,1194.7857142857142,33.200816,-117.373244
1115314,3.1846960703678135,1094.107142857143,33.203683,-117.38119199999998
1115323,2.775952069585585,965.4642857142856,33.211043,-117.38743
1117683,3.990824006711465,2123.6071428571427,32.723795,-117.151061
1117717,3.202578436842701,976.6071428571428,32.735429,-117.174785
1117734,3.2684299504584433,1512.857142857143,32.725605,-117.166389
1117741,3.4563891930036186,801.1428571428571,32.723913,-117.164378
1117748,5.687632139560159,1485.428571428571,32.723971,-117.150962
1117755,3.107674767675679,1616.107142857143,32.694358,-117.129467
1117762,3.2502760073357653,741.9642857142857,32.694578,-117.129462
1117774,2.854526832817523,1277.2857142857142,32.7062,-117.147722
1117782,3.4897375088372002,879.4285714285714,32.706202,-117.14744899999998
1117789,3.9158640155183426,1740.2142857142858,32.712581,-117.147751
1117796,3.1140479842404343,758.3571428571429,32.712585,-117.147532
1117809,4.131964751845046,1308.928571428571,32.717974,-117.147607
1117810,2.8889842153146343,1396.357142857143,32.717944,-117.147838
1117818,4.009979080657477,1466.428571428571,32.749347,-117.195726
1117835,3.2960207289889447,941.4642857142856,32.73198,-117.171704
1117871,3.603376870447948,1436.5,32.743125,-117.184141
1118076,2.6011542385654525,1434.178571428571,32.688779,-117.116159
1118078,3.3576684298594865,1016.7142857142856,32.735498,-117.174847
1118170,1.4042712457423703,395.2857142857143,32.918784,-117.235428
1118326,1.1276609929328612,639.8571428571429,32.551447,-117.045806
1118333,1.6274543187045936,1137.178571428571,32.55169,-117.04572500000002
1118341,1.0317013987318489,515.4285714285714,32.558188,-117.061806
1118348,0.9763326528220242,475.6428571428572,32.558459,-117.06184500000002
1118352,1.5316223667977098,650.25,32.569052,-117.076507
1118365,1.8747438653825965,899.0357142857143,32.568952,-117.076731
1118372,2.1505760685346265,949.8928571428572,32.576983,-117.083123
1118379,2.543367357832874,1488.5,32.584271,-117.087551
1118413,3.451958632852369,1801.821428571429,32.621946,-117.093171
1118428,3.2395951194092625,1437.142857142857,32.630458,-117.096492
1118450,3.8696654617169375,1126.5,32.640259,-117.100052
1118465,3.934844595447552,2047.821428571429,32.671747,-117.111237
1118472,3.984722703633146,2561.25,32.630471,-117.096498
1118479,3.1092073648103997,1241.2857142857142,32.676926,-117.109213
1118496,3.63132796199914,1297.571428571429,32.768302,-117.20607499999998
1118521,2.6697324532494604,878.1428571428571,32.807939,-117.216589
1118529,3.6116736072926723,1131.25,32.815542,-117.222956
1118537,2.7764418914086284,1016.6071428571428,32.848758,-117.235323
1118544,2.7649712258983783,836.2857142857143,32.86451,-117.229736
1118695,2.932877878862025,1197.75,32.59507,-117.088901
1118702,3.521163005616954,1818.857142857143,32.731858,-117.171925
1118707,2.939629006912936,1307.571428571429,32.797132,-117.20954100000002
1118735,3.768166015327027,1069.821428571429,32.630551,-117.096241
1118743,3.505677983370433,1308.25,32.577095,-117.082878
1118796,3.4605905529868153,1437.75,32.613851,-117.090918
1119284,0.2724436621327432,63.785714285714285,32.952353,-117.244277
1119307,2.7782944097687934,963.9285714285714,32.807319,-117.21645
1119528,4.297775070565462,1554.821428571429,32.952353,-117.244277
1119532,0.2171035420166176,48.035714285714285,32.995955,-117.25672
1119637,2.600663362260811,1014.0714285714286,32.834969,-117.233294
1119659,4.0045839006326895,1418.2142857142858,33.017612,-117.27184
1119666,3.895035949922702,1444.071428571429,33.017499,-117.272051
1119679,4.509060011733967,1455.7857142857142,32.962322,-117.246309
1119817,2.6473994252362227,876.8571428571429,32.842472,-117.23661
1119828,3.619952972227377,1297.5,32.943477,-117.242328
1119834,3.5473573435019787,1385.7142857142858,32.943428,-117.242592
1119842,4.857465565953789,1679.2857142857142,32.96573,-117.247857
1119850,4.421677431518637,1453.607142857143,32.969013,-117.248831
1119877,4.5461416603353655,1437.5,33.055523,-117.289401
1119879,4.107617498313422,1658.321428571429,33.055577,-117.289125
1119890,4.198669092961393,1876.607142857143,33.073419,-117.294587
1119897,6.05161668639223,2485.535714285714,33.073357,-117.294868
1119903,3.92742792869403,1451.392857142857,33.09232,-117.303146
1119909,4.106098659336524,1716.9642857142858,33.092248,-117.303383
1119915,4.075747887649453,1452.392857142857,33.112683,-117.316473
1119921,4.019155240124167,1493.7142857142858,33.115949,-117.31811
1119928,4.096892351614244,1764.857142857143,33.142807,-117.333209
1119934,5.140689787087467,2202.535714285714,33.155404,-117.338099
1119941,4.95758176758506,2009.392857142857,33.167728,-117.34438
1119947,4.811861584427863,2038.2857142857144,33.173355,-117.348324
1119954,2.7811315066430318,1403.071428571429,33.218567,-117.391109
1119960,2.430024854528439,1042.857142857143,33.224874,-117.39375400000002
1119966,2.389911067883086,1203.571428571429,33.230196,-117.400904
1119972,2.0034198298153485,816.6071428571429,33.236554,-117.40592
1119978,2.835566790575203,1409.5,33.240152,-117.413376
1119984,2.850639706794668,1015.6428571428572,33.246111,-117.417364
1119990,3.1698698704458246,1211.9642857142858,33.25805,-117.426272
1119997,2.8475738302498694,1488.2142857142858,33.25794,-117.42653699999998
1120107,0.3675244572260876,93.39285714285714,32.943477,-117.242328
1120314,0.25857948985578105,58.07142857142857,32.979922,-117.253241
1120356,0.9672571497172125,375.4285714285714,32.613834,-117.091172
1120362,2.614226321014343,891.9642857142857,32.604036,-117.089762
1120377,0.1816636223935388,60.32142857142857,32.943428,-117.242592
1120385,0.42528044147430405,103.46428571428572,32.962322,-117.246309
1120388,0.31598989494585866,84.03571428571429,32.965743,-117.247862
1120394,0.48244113187708887,90.17857142857144,32.969013,-117.248831
1120415,0.5556879241997855,117.96428571428572,33.00551,-117.25907
1120694,0.48939513573694476,93.5,32.995723,-117.256395
1120754,1.410274696803248,302.57142857142856,32.91625,-117.232541
1121692,2.884941805760183,1017.9642857142856,33.281567,-117.449193
1121702,2.9242562050433025,1402.7857142857142,33.281427,-117.449437
1121707,2.893908112672394,1078.107142857143,33.303917,-117.470642
1121712,3.5019446623167525,1916.678571428572,33.303824,-117.470855
1121715,2.902507580628608,1061.428571428571,33.336618,-117.502921
1121724,2.884395185209779,1075.678571428571,33.363,-117.540497
1121731,3.0812232897616787,1464.678571428571,33.383518,-117.577735
1121734,3.898370201581347,2349.0,33.383288,-117.577886
1121737,2.9561619579462604,1103.9642857142858,33.393542,-117.591561
1122257,2.9375634063153395,1473.071428571429,33.210909,-117.387715
1122507,4.461358918461401,1620.071428571429,33.027309,-117.275242
1122512,3.420787020882744,1200.357142857143,33.048098,-117.286976
1122536,3.9915862642419353,1275.75,32.911944,-117.22849800000002
1122544,4.1191210307199935,1567.178571428571,32.911749,-117.228804
1122552,4.357179985250242,1454.2142857142858,32.918793,-117.23544
1122553,0.24835009820298917,64.53571428571429,32.918793,-117.23544
1122560,3.126582563138802,1198.107142857143,32.919669,-117.236554
1122561,0.15752047980563927,56.82142857142857,32.919669,-117.236554
1122567,1.4330346574530415,248.1428571428572,32.919646,-117.236534
1122575,4.263125249874423,1432.2142857142858,32.925983,-117.23942
1122576,0.28666823869284813,70.10714285714286,32.925983,-117.23942
1122583,3.154689846994831,1220.142857142857,32.925921,-117.239666
1122584,0.16287026055417977,51.0,32.925921,-117.239666
1122594,2.735459278312538,931.3571428571428,32.837787,-117.234529
1122734,0.4681832482572355,105.57142857142856,32.979329,-117.252709
1123133,3.0368331320592277,1095.571428571429,32.59507,-117.088901
1123134,0.6621739844624833,269.92857142857144,32.59507,-117.088901
1125314,3.629046079758478,1271.2142857142858,33.037208,-117.281927
1125469,3.6198673951228977,1082.0,32.688971,-117.115919
1126411,3.122254855126929,1206.857142857143,32.770653,-117.206673
1126426,3.788344592826743,1340.2142857142858,32.767402,-117.20613
1126614,4.381220255385826,1478.0357142857142,32.987715,-117.255119
1126864,2.985673754315061,1539.178571428571,32.694337,-117.124759
1127123,1.8559408822411199,814.7142857142857,32.908625,-117.22684
1204193,2.7086005226975893,1110.607142857143,33.404943,-117.598167
1204198,3.338332077227792,1255.607142857143,33.40516,-117.597992
1204211,2.958697972384243,1035.5357142857142,33.413319,-117.6021
1204216,2.9941543325746127,1279.7142857142858,33.41325,-117.602338
1204230,3.181876796369392,1160.107142857143,33.420685,-117.606498
1204244,3.3720872669562882,1138.7857142857142,33.428811,-117.611817
1204255,3.6256811116248198,1210.321428571429,33.432425,-117.61551900000002
1204268,3.121773588176152,1123.7142857142858,33.440202,-117.624486
1204273,2.8232667309601474,1196.107142857143,33.440044,-117.624646
1204279,3.3617433112048616,1160.357142857143,33.44466,-117.630415
1204301,3.781276269840447,1219.2142857142858,33.455773,-117.650183
1204306,3.7479501420641363,1403.571428571429,33.455612,-117.650318
1204316,3.5291532468413305,1232.9642857142858,33.458342,-117.655008
1204328,3.8520757492694533,1268.5357142857142,33.459637,-117.657305
1204340,3.4754143746693615,1356.7857142857142,33.464404,-117.665509
1204345,3.6649808363128717,1206.0357142857142,33.464281,-117.665631
1204357,3.2484885751709474,1282.75,33.465471,-117.667379
1204372,3.2658687045020964,1151.607142857143,33.468032,-117.671714
1204384,3.584784825912818,1277.642857142857,33.475073,-117.674271
1204390,4.459422779349015,1590.928571428571,33.481738,-117.669881
1204395,3.6576151898311466,1072.928571428571,33.481685,-117.669596
1204401,3.6984468616057966,1435.2857142857142,33.489176,-117.663917
1204409,3.9005312776377976,1320.0357142857142,33.489561,-117.663255
1204415,4.0590532184320764,1658.857142857143,33.499521,-117.658583
1204422,3.7633042268607237,1271.75,33.503727,-117.658585
1204428,4.349819228154949,1485.0,33.517588,-117.664664
1204436,4.3527508567664945,1418.9642857142858,33.52247,-117.666382
1204442,3.7087393801595856,1316.7142857142858,33.526418,-117.668912
1204447,3.971442493313241,1326.607142857143,33.526621,-117.66866
1204453,4.687083358613367,1491.428571428571,33.53247,-117.674488
1204458,4.619569254566626,1529.9642857142858,33.53231,-117.674919
1204472,3.3328916389638814,1435.321428571429,33.548817,-117.672686
1204478,2.8169654118443046,1185.2142857142858,33.556667,-117.673131
1204486,3.351042677873355,1422.5357142857142,33.558096,-117.672848
1204501,4.746589479689457,2319.0,33.560549,-117.672791
1204507,3.841267031756851,1617.857142857143,33.577397,-117.671983
1204515,3.86523894984662,1468.178571428571,33.578849,-117.67162
1204521,3.816888228102842,1627.9642857142858,33.581316,-117.671925
1204532,3.3265304870993773,1212.9642857142858,33.582052,-117.67157
1204538,7.318235982649742,2966.6071428571427,33.595354,-117.673779
1204546,3.775268621891733,1329.7857142857142,33.597861,-117.676059
1204552,4.063375717536076,1854.25,33.597607,-117.67615
1204559,4.765686101590693,2319.0,33.599252,-117.678685
1204565,5.5953312049348485,2132.3214285714284,33.602645,-117.687691
1204571,4.7654889461146555,2320.714285714286,33.604242,-117.68984
1204577,3.989303450814273,1258.4642857142858,33.604617,-117.69087
1204586,4.765697516523802,2320.5714285714284,33.606025,-117.692734
1204591,0.5772978585392651,174.0,33.606025,-117.692734
1204607,6.650587644148594,2666.928571428572,33.612561,-117.705361
1204615,6.880215874073276,3439.714285714286,33.613883,-117.706467
1204621,5.9570495484220265,2786.0,33.614654,-117.707825
1204632,6.880215874073276,3439.714285714286,33.616112,-117.70901
1204638,4.765697516523802,2320.5714285714284,33.621929,-117.714379
1204643,6.404428272111969,3362.5714285714284,33.621819,-117.714838
1204650,5.487412499520347,2305.714285714286,33.627286,-117.719875
1204665,5.864586255373703,2315.678571428572,33.628454,-117.720919
1204672,5.301574976211078,2040.357142857143,33.629553,-117.721491
1204682,5.2163099922536675,1788.25,33.632102,-117.724337
1204688,5.20072104304833,2131.6071428571427,33.631989,-117.724813
1204695,5.102090237946299,2154.678571428572,33.635959,-117.728446
1204697,5.206650223340643,1786.5357142857142,33.636144,-117.72806
1204699,2.992738312992445,1210.928571428571,33.640323,-117.731437
1204701,4.584699102752922,2386.535714285714,33.640308,-117.731896
1204703,2.626980371393822,1131.571428571429,33.644068,-117.734444
1204714,0.5351917397224393,204.82142857142856,33.652076,-117.741205
1204716,2.6926488132372945,1204.25,33.654255,-117.74294
1204729,0.5008258203221821,157.82142857142858,33.654371,-117.742629
1204731,3.75346212046243,1562.428571428571,33.654371,-117.742629
1204737,3.8118997257206044,1434.4642857142858,33.654741,-117.743323
1204748,0.4997582356879163,156.64285714285714,33.655581,-117.743597
1204750,4.055446766423486,1845.9642857142856,33.655581,-117.743597
1204757,0.4925655747148936,156.5,33.662274,-117.748817
1204759,0.8577045484979223,368.07142857142856,33.662021,-117.749253
1204761,4.462592623618662,1477.9642857142858,33.662021,-117.749253
1204766,4.2791395787346085,1933.7142857142856,33.662274,-117.748817
1204777,0.5951725472756588,213.53571428571428,33.665581,-117.75203
1204779,0.532801354890853,166.85714285714286,33.66578,-117.751722
1204781,5.0374184246503795,1864.2857142857144,33.665581,-117.75203
1204787,3.988380408709569,1881.857142857143,33.66578,-117.751722
1204796,0.5616710150527954,274.9642857142857,33.66617,-117.75249999999998
1204798,4.568993629574964,1688.392857142857,33.66617,-117.75249999999998
1204806,0.5444419308413581,170.78571428571428,33.667646,-117.753237
1204808,4.253488880117175,1991.892857142857,33.667646,-117.753237
1204814,0.5976013756229068,214.7142857142857,33.6716,-117.755616
1204816,5.460168650333769,1877.857142857143,33.6716,-117.755616
1204823,0.5353149937328836,169.89285714285714,33.671657,-117.755266
1204825,4.916818361507127,2151.428571428572,33.671657,-117.755266
1204839,0.5772978585392651,174.0,33.674297,-117.756223
1204841,4.741104353409131,1745.5357142857142,33.674297,-117.756223
1204859,0.5650112839172517,185.7142857142857,33.67881,-117.759083
1204861,4.424577610459341,2016.178571428572,33.67881,-117.759083
1204867,0.6216000066945494,219.07142857142856,33.67863,-117.759362
1204869,4.680197451773402,1730.392857142857,33.67863,-117.759362
1204876,0.5617479606885968,184.07142857142856,33.68378,-117.76413
1204878,5.022258139856009,2252.6428571428573,33.68378,-117.76413
1204884,0.6388737462901782,224.2142857142857,33.683599,-117.764425
1204886,5.445099984966389,1951.321428571429,33.683599,-117.764425
1204902,0.6600375073426835,226.1071428571429,33.687939,-117.767277
1204904,5.28343459021042,1862.928571428572,33.687939,-117.767277
1204922,0.5902887103279918,192.32142857142856,33.691182,-117.768954
1204924,4.780311640783928,2159.214285714286,33.691182,-117.768954
1204935,0.5966342246849747,194.17857142857144,33.692068,-117.769532
1204937,4.989605907545482,2244.5714285714284,33.692068,-117.769532
1204942,0.7105160646904795,228.75,33.700148,-117.775267
1204944,5.412985834401738,1960.571428571429,33.700148,-117.775267
1204950,4.866854119092702,2151.75,33.700287,-117.774934
1204956,1.151786126343165,571.7857142857143,33.700287,-117.774934
1204965,0.715916696039328,228.2142857142857,33.70706,-117.779935
1204967,5.3823502569655775,1935.821428571429,33.70706,-117.779935
1204980,1.0739116077671433,529.3214285714286,33.709761,-117.781713
1204982,4.619736075859165,2186.714285714286,33.709761,-117.781713
1204995,1.2601826146259663,458.3571428571428,33.710634,-117.783134
1204997,4.692624681644488,1670.821428571429,33.710634,-117.783134
1205010,0.6594639467047768,227.3928571428572,33.712411,-117.784619
1205012,5.457603902898477,2389.285714285714,33.712411,-117.784619
1205026,0.7414009010817836,235.1071428571429,33.717966,-117.79307099999998
1205028,5.994641549220062,2263.1428571428573,33.717966,-117.79307099999998
1205043,0.6864708921218378,227.2142857142857,33.719297,-117.794408
1205045,4.829940883329475,2310.75,33.719297,-117.794408
1205060,1.0785954287515116,344.32142857142856,33.72047,-117.796638
1205062,5.0203707209415125,1870.392857142857,33.72047,-117.796638
1205069,0.6847045861330243,229.78571428571428,33.719391,-117.794541
1205071,5.507588057833481,2629.428571428572,33.719391,-117.794541
1205086,0.667685668367877,199.25,33.724394,-117.801722
1205088,5.108231928578612,2549.6428571428573,33.724394,-117.801722
1205103,0.7234260179843907,220.07142857142856,33.726403,-117.805381
1205105,6.715992131302511,2608.6071428571427,33.724136,-117.801999
1205120,0.2919312256597206,160.92857142857142,33.732587,-117.814369
1205122,6.495155440482833,2432.0714285714284,33.732587,-117.814369
1205135,5.537783925945019,2509.8214285714284,33.73489,-117.817068
1205139,7.036023522016478,2736.178571428572,33.737386,-117.824499
1205152,5.512634737692754,2627.3214285714284,33.738115,-117.825811
1205157,6.557098942389867,2983.5714285714284,33.739183,-117.829214
1205165,5.1881511598782675,2355.714285714286,33.740283,-117.832416
1205166,4.391841157511766,1992.357142857143,33.740098,-117.832494
1205168,4.2776335363841635,2133.8571428571427,33.741403,-117.835585
1205169,4.877419385258494,2241.964285714286,33.741219,-117.835743
1205171,0.36495552283286714,161.46428571428572,33.742605,-117.838695
1205173,0.37734947247903866,119.03571428571428,33.742378,-117.839015
1205175,5.930377773947346,3047.214285714286,33.744413,-117.841283
1205182,6.445781845730902,2939.785714285714,33.745553,-117.842538
1205189,6.421148388361844,2916.6071428571427,33.749928,-117.844652
1205193,5.611546238033031,2941.1071428571427,33.750124,-117.844061
1205198,0.7411844419946916,170.71428571428572,33.751759,-117.846535
1205200,6.795432689124869,3101.178571428572,33.751759,-117.846535
1205204,6.2530768447832195,3256.5,33.752049,-117.845939
1205211,6.788055008833194,3100.3214285714284,33.753388,-117.849326
1205215,6.023450124748894,3174.1428571428573,33.753753,-117.848788
1205225,9.736980437991177,7794.607142857143,33.754689,-117.850781
1205230,6.33059916090111,2953.428571428572,33.755475,-117.853795
1205246,6.364990242543851,3030.285714285714,33.757943,-117.859225
1205262,6.116165322910405,3185.8214285714284,33.760465,-117.862379
1205269,5.865389768793713,3300.535714285714,33.761599,-117.863369
1205276,5.9906352160381395,2865.75,33.766429,-117.866976
1205286,4.728596032020749,2436.464285714286,33.768742,-117.868373
1205290,6.0100924015592225,3434.678571428572,33.76901,-117.86784
1205297,4.921197675198266,2549.25,33.770032,-117.869238
1205303,5.658812415541298,2872.214285714286,33.776455,-117.873886
1205310,3.687097154674744,1944.071428571429,33.776289,-117.874337
1205320,4.165331140459492,2485.0,33.781151,-117.878226
1205324,5.0284220358262335,3024.035714285714,33.779824,-117.87776
1205330,3.6592683608943535,2035.428571428572,33.782039,-117.879468
1205335,4.10767539390089,2105.178571428572,33.781682,-117.880014
1205341,4.574586389917601,2428.8571428571427,33.790771,-117.888724
1205349,5.2446542277202655,2707.5714285714284,33.784761,-117.883653
1205353,0.5807821592795848,349.7857142857143,33.784761,-117.883653
1205364,5.304374098308751,2926.6428571428573,33.791651,-117.890222
1205373,0.8664346503718994,351.7857142857143,33.789689,-117.887536
1205375,5.029396271072758,2633.964285714286,33.789689,-117.887536
1205380,5.145364261876123,2884.785714285714,33.795663,-117.893833
1205384,6.941905910783233,4050.857142857143,33.79536,-117.894336
1205395,5.48514858713144,3152.3571428571427,33.802101,-117.901359
1205406,0.5638869589588213,199.5,33.805074,-117.903814
1205409,3.921877308112684,2121.535714285714,33.805074,-117.903814
1205421,4.971172364304586,2567.285714285714,33.804788,-117.904254
1205432,4.4366876941983175,2437.3571428571427,33.815354,-117.91505399999998
1205440,5.12691610732369,2474.6428571428573,33.816263,-117.916397
1205452,4.63040364641354,2650.428571428572,33.818891,-117.918657
1205463,5.2283901779789845,2385.3214285714284,33.82198,-117.922328
1205471,0.5608292182977147,206.6071428571429,33.823323,-117.923123
1205473,5.097178532529685,2975.964285714286,33.823323,-117.923123
1205478,5.4840777947766,2616.1071428571427,33.827601,-117.927279
1205482,0.5712662280801556,189.03571428571428,33.827601,-117.927279
1205493,5.120472001555823,3351.6428571428573,33.832016,-117.931513
1205508,5.01559288451298,2244.214285714286,33.8365,-117.943178
1205517,5.894224223877664,4172.535714285715,33.836731,-117.943038
1205528,6.124869813493411,3885.857142857143,33.840124,-117.949259
1205532,5.667426889847602,2786.3571428571427,33.839851,-117.949454
1205541,5.380632851277567,2741.0,33.843443,-117.95594199999998
1205553,4.61503292823035,3041.964285714286,33.845442,-117.958388
1205562,4.92250332401392,3171.3571428571427,33.847549,-117.962444
1205567,4.10485503991459,2532.464285714286,33.850294,-117.968011
1205572,5.834856613342631,2676.285714285714,33.85001,-117.968231
1205583,5.120256585880603,2406.8928571428573,33.853961,-117.97494
1205590,4.498000511121527,3371.3571428571427,33.854226,-117.974766
1205607,4.173306337033154,2520.178571428572,33.859271,-117.98502999999998
1205612,3.380392038850776,1748.392857142857,33.859063,-117.985205
1205623,3.7592657018709836,2357.3214285714284,33.863248,-117.991902
1205627,4.69187546487987,2386.1071428571427,33.862901,-117.992155
1205632,3.915485928828396,2124.0714285714284,33.865235,-117.996273
1205636,5.20289917824625,4111.25,33.865195,-117.995907
1205658,3.5931869085020884,2293.8571428571427,33.867724,-118.00058
1205668,4.08348213291237,2266.5714285714284,33.872567,-118.009266
1205680,4.912256225153683,3132.464285714286,33.874466,-118.011177
1208365,0.448276977130099,13.642857142857142,33.738115,-117.825811
1208537,0.7492926411240434,231.2142857142857,33.73489,-117.817068
1208955,0.5298321295158218,205.0,33.654255,-117.74294
1208962,0.7434662725504467,234.78571428571428,33.737856,-117.825947
1208975,0.7292743961166709,214.32142857142856,33.739183,-117.829214
1208976,4.449649539025187,1912.107142857143,33.738432,-117.827716
1208977,1.2986907660263292,563.4285714285714,33.738432,-117.827716
1208989,0.46345991645327195,197.8928571428572,33.740283,-117.832416
1208993,0.7900002099767444,243.75,33.740098,-117.832494
1209011,0.7247383128334407,213.3928571428572,33.741403,-117.835585
1209014,0.8262329918294452,255.25,33.741219,-117.835743
1209693,0.7210488646109788,206.0,33.745655,-117.842095
1209694,0.8484225872813131,260.25,33.745553,-117.842538
1209727,0.7318747436020608,211.0,33.750124,-117.844061
1209728,0.9036786971526776,270.0357142857143,33.749928,-117.844652
1209746,1.257912259138985,377.07142857142856,33.752049,-117.845939
1209764,1.2455662161687113,408.4285714285714,33.755834,-117.85344
1209779,1.3652939351462476,392.1071428571428,33.756108,-117.855324
1209826,0.7811113197844163,294.17857142857144,33.757943,-117.859225
1209931,1.1267464003629717,320.6428571428572,33.760465,-117.862379
1209950,1.2064292013484925,335.75,33.766429,-117.866976
1209951,1.1231930426951744,537.5,33.766579,-117.866456
1209965,2.891551147724318,2203.214285714286,33.76901,-117.86784
1209967,1.4042638895859334,554.75,33.768742,-117.868373
1210000,2.2019577766542184,1229.321428571429,33.770032,-117.869238
1210004,3.25732542536179,2331.0,33.770299,-117.868723
1210011,2.2021774664881186,955.5714285714286,33.773944,-117.871893
1210014,5.369651265882826,4031.785714285714,33.773768,-117.872316
1210031,1.1860520211101495,318.42857142857144,33.776289,-117.874337
1210034,1.1219772232160445,330.07142857142856,33.781151,-117.878226
1210036,1.143444185200722,301.82142857142856,33.780805,-117.87889699999998
1210059,0.559007091293908,136.75,33.468032,-117.671714
1210061,0.44844239592549556,97.35714285714286,33.475073,-117.674271
1210063,1.0563079049415462,361.1071428571428,33.481685,-117.669596
1210066,0.5464451064854807,119.03571428571428,33.489561,-117.663255
1210069,0.5898211635334764,134.78571428571428,33.503727,-117.658585
1210071,0.6158278869508484,154.39285714285714,33.52247,-117.666382
1210073,0.5772978585392651,174.0,33.548817,-117.672686
1210075,0.5772978585392651,174.0,33.558096,-117.672848
1210078,0.5772978585392651,174.0,33.560549,-117.672791
1210081,0.7224077084911861,178.28571428571428,33.578849,-117.67162
1210083,0.5772978585392651,174.0,33.582052,-117.67157
1210085,0.5772978585392651,174.0,33.597861,-117.676059
1210087,0.5772978585392651,174.0,33.599252,-117.678685
1210089,0.5772978585392651,174.0,33.604242,-117.68984
1210103,0.5772978585392651,174.0,33.613883,-117.706467
1210106,0.23488233984533938,91.71428571428572,33.616112,-117.70901
1210115,0.5772978585392651,174.0,33.621929,-117.714379
1210121,0.5772978585392651,174.0,33.621819,-117.714838
1210141,4.441248820609567,1744.821428571429,33.496001,-117.659442
1210255,0.9771713861287635,307.57142857142856,33.635959,-117.728446
1210270,0.9325388120884958,223.25,33.631998,-117.724216
1210272,1.0130476474237444,284.2142857142857,33.631888,-117.724695
1210305,1.290849943243846,528.8214285714286,33.627286,-117.719875
1210322,1.2349906381369518,634.2857142857143,33.614654,-117.707825
1210326,0.9874931737483302,255.6428571428572,33.628454,-117.720919
1210340,0.9567822777929532,304.4642857142857,33.612561,-117.705361
1210368,0.5953395541736741,182.57142857142856,33.602645,-117.687691
1210841,2.9892110171284525,1310.071428571429,33.408425,-117.599923
1210856,3.1923094185397933,1363.7857142857142,33.416348,-117.603827
1210872,3.6285157347514994,1488.7142857142858,33.424652,-117.609039
1210882,2.9510939625353285,1478.2142857142858,33.437336,-117.619943
1210895,3.0550526207677944,1248.857142857143,33.457014,-117.653153
1210908,2.6418405588162948,899.5,33.43749,-117.619773
1210909,3.9646068876324656,1801.142857142857,33.432273,-117.615724
1210925,0.9495523035558914,444.9285714285714,33.496001,-117.659442
1210926,3.8405897186486673,1331.821428571429,33.495938,-117.659127
1210927,0.5716347396283961,125.28571428571428,33.495938,-117.659127
1210972,4.30178336091433,1569.7142857142858,33.5093,-117.661127
1210973,0.5870858131260429,195.1428571428572,33.5093,-117.661127
1210974,4.26478149339959,1373.392857142857,33.50939,-117.660803
1210975,0.5786808466101103,137.46428571428572,33.50939,-117.660803
1210991,4.557687652200885,1572.25,33.513534,-117.662568
1210992,0.5870441105069195,204.67857142857144,33.513534,-117.662568
1210993,4.3724658685087405,1429.107142857143,33.513441,-117.662905
1210994,0.5954808641185719,145.25,33.513441,-117.662905
1211075,4.23433789140781,1498.5,33.475102,-117.674584
1211087,0.5772978585392651,174.0,33.526418,-117.668912
1211088,0.5772978585392651,174.0,33.526621,-117.66866
1211095,0.5768811701929271,144.60714285714286,33.53247,-117.674488
1211096,0.6189311515104434,200.9642857142857,33.53231,-117.674919
1211107,5.10008899328756,1924.2857142857144,33.537513,-117.674416
1211108,0.5835188798332038,141.42857142857142,33.537513,-117.674416
1211117,1.0473203788499477,450.0,33.629553,-117.721491
1211133,0.9300731046328017,221.17857142857144,33.636144,-117.72806
1211177,0.5772978585392651,174.0,33.597607,-117.67615
1211182,0.5772978585392651,174.0,33.595354,-117.673779
1211183,0.5772978585392651,174.0,33.604617,-117.69087
1211623,3.1215800731024625,1254.678571428571,33.467211,-117.670554
1211801,0.5772978585392651,174.0,33.556667,-117.673131
1211816,3.5245263871112438,1546.178571428571,33.545217,-117.673404
1211818,0.5772978585392651,174.0,33.545217,-117.673404
1211829,3.166289351146686,1287.0357142857142,33.539447,-117.674695
1211830,0.5772978585392651,174.0,33.539447,-117.674695
1211846,0.5877331289198986,199.4642857142857,33.517588,-117.664664
1211851,0.5772978585392651,174.0,33.581316,-117.671925
1211852,0.5772978585392651,174.0,33.577397,-117.671983
1211853,2.3414586996437334,1216.642857142857,33.643978,-117.734722
1211854,0.5772978585392651,174.0,33.643978,-117.734722
1211856,0.5772978585392651,174.0,33.644068,-117.734444
1212001,4.200932639578388,2232.035714285714,33.803764,-117.902246
1212013,0.7032564986587783,233.7142857142857,33.782887,-117.880773
1212014,0.6326136121320233,233.42857142857144,33.782529,-117.881218
1212046,1.6245011372901557,499.1428571428572,33.753388,-117.849326
1212047,1.3047943774824624,400.9642857142857,33.753753,-117.848788
1212094,5.0584681763932275,2683.0,33.793517,-117.892284
1212115,4.724011241402038,2482.464285714286,33.806644,-117.905829
1212116,5.188365069327565,2511.25,33.806478,-117.906207
1212142,0.737795746181368,324.0,33.785047,-117.88317399999998
1212147,0.9835656528859449,318.82142857142856,33.793517,-117.892284
1212149,0.5976336578162003,204.0,33.802101,-117.901359
1212150,0.5711508225582106,202.67857142857144,33.803764,-117.902246
1212179,0.6368659598902293,248.9642857142857,33.815354,-117.91505399999998
1212184,0.6215508737531591,209.03571428571428,33.816263,-117.916397
1212190,0.5777402434946955,189.6428571428572,33.818669,-117.918922
1212191,0.6199281659484993,232.9642857142857,33.818891,-117.918657
1212195,0.5720798703999924,189.78571428571428,33.82198,-117.922328
1212216,5.091206362702891,2685.785714285714,33.811147,-117.910643
1212217,0.5772978585392651,174.0,33.811147,-117.910643
1212218,6.162200041244564,3113.428571428572,33.810933,-117.910895
1212219,0.5772978585392651,174.0,33.810933,-117.910895
1212224,1.7291108176099124,674.0357142857143,33.806644,-117.905829
1212225,0.6314487247067296,219.9642857142857,33.806478,-117.906207
1212230,0.9480300567428815,574.0357142857143,33.804788,-117.904254
1212236,1.567762026909868,763.8571428571429,33.791651,-117.890222
1212247,0.6039805783871093,301.10714285714283,33.795663,-117.893833
1212249,3.205667052109106,2596.714285714286,33.79536,-117.894336
1212265,0.5906494007688211,213.3571428571429,33.822186,-117.92205
1212268,0.6930743317039852,230.8571428571429,33.790771,-117.888724
1212565,0.6119660056312776,334.5357142857143,33.845442,-117.958388
1212578,0.6116876214823113,295.7857142857143,33.840124,-117.949259
1212579,0.9816423746197169,337.0,33.839851,-117.949454
1212588,4.664765883333577,3083.5,33.843721,-117.955716
1212594,1.1084734360195376,650.5357142857143,33.843443,-117.95594199999998
1212595,0.6046754977006339,295.2857142857143,33.843721,-117.955716
1212609,0.668857057514782,399.6071428571428,33.847549,-117.962444
1212610,0.5498337719339921,184.2142857142857,33.847169,-117.96276
1212611,5.205650174274354,2370.0,33.847169,-117.96276
1212627,0.6099137394918236,282.17857142857144,33.832016,-117.931513
1212644,0.6660267646030652,195.4642857142857,33.834594,-117.938264
1212645,4.55278676012855,2112.75,33.834594,-117.938264
1212648,0.6169615020308894,297.4642857142857,33.834815,-117.938078
1212649,4.8073535372728085,3144.178571428572,33.834815,-117.938078
1212661,0.663706698788857,194.75,33.832791,-117.933068
1212662,5.182562080043751,2304.714285714286,33.832791,-117.933068
1212672,1.0061113135887811,621.4285714285714,33.850294,-117.968011
1212673,0.5510641689980003,183.6071428571429,33.85001,-117.968231
1212689,1.586720470666898,1192.0357142857142,33.836731,-117.943038
1212690,0.6191218104099971,185.03571428571428,33.8365,-117.943178
1213215,3.5021988595834,1175.642857142857,33.445434,-117.631445
1213229,3.132532183712293,1261.892857142857,33.445303,-117.631557
1213417,0.5426497257821489,180.57142857142856,33.853961,-117.97494
1213418,0.5999573111363736,332.10714285714283,33.854226,-117.974766
1213525,0.5772978585392651,174.0,33.60972,-117.70083
1213526,0.593173017430012,304.07142857142856,33.609505,-117.700998
1213527,6.879768381085679,3437.1428571428573,33.60972,-117.70083
1213528,6.903949360862953,3215.0714285714284,33.609505,-117.700998
1213568,1.0884224742070927,443.2142857142857,33.569099,-117.671844
1213569,0.5772978585392651,174.0,33.569098,-117.67216
1213570,4.231668011632971,1492.2142857142858,33.569099,-117.671844
1213571,2.978474981503186,1315.321428571429,33.569098,-117.67216
1213699,4.349247599447497,1932.25,33.588522,-117.671829
1213700,3.7443943688011294,1402.25,33.588603,-117.671484
1213706,0.5772978585392651,174.0,33.588522,-117.671829
1213708,0.5772978585392651,174.0,33.588603,-117.671484
1214005,2.9028556919455326,1971.392857142857,33.855211,-117.976025
1214006,3.1621833599994336,1646.392857142857,33.854882,-117.976235
1214007,0.714957929253874,395.7857142857143,33.855211,-117.976025
1214008,0.28936401013453594,140.60714285714286,33.854882,-117.976235
1216408,0.3795518000120433,195.17857142857144,33.865235,-117.996273
1216409,0.5165716272665669,236.1071428571429,33.865349,-117.996199
1216485,0.5068877112396911,240.28571428571428,33.863248,-117.991902
1216486,0.48571516358719397,239.6428571428572,33.862901,-117.992155
1216505,4.534455118603965,2760.428571428572,33.860615,-117.987649
1216506,3.8965282649420527,2044.821428571429,33.860447,-117.98777699999998
1216507,0.5090256454838068,248.1428571428572,33.860615,-117.987649
1216508,0.39632055915173353,200.8928571428572,33.860447,-117.98777699999998
1216517,0.3584285166396319,211.03571428571428,33.859271,-117.98502999999998
1216518,0.29138300002100376,142.82142857142858,33.859063,-117.985205
1216530,4.489874659867968,2382.75,33.869887,-118.005145
1216532,0.2971726036673891,158.75,33.869887,-118.005145
1216538,3.6407414031483776,2455.75,33.870031,-118.005021
1216545,0.8463427479557019,355.6428571428572,33.870031,-118.005021
1216566,0.5772978585392651,174.0,33.872567,-118.009266
1216582,0.5772978585392651,174.0,33.867724,-118.00058
1216589,4.473065669895645,2367.964285714286,33.867596,-118.000667
1216591,0.3413814735075064,176.64285714285714,33.867596,-118.000667
1218492,0.9028345216710899,377.7857142857143,33.640323,-117.731437
1220011,4.597347004491837,2079.3928571428573,33.674367,-117.75591
1220013,0.5772978585392651,174.0,33.674367,-117.75591
1220030,3.6174957980632434,1224.5357142857142,33.503442,-117.658516
1220042,0.5905307645962988,131.28571428571428,33.503442,-117.658516
1220086,0.5725868409296481,194.8928571428572,33.499521,-117.658583
1221049,0.5120825238051805,199.92857142857144,33.457014,-117.653153
1221051,0.41591726763228487,93.14285714285714,33.459637,-117.657305
1221057,0.41251216831545556,90.5,33.458342,-117.655008
1221063,0.28793860772046836,66.64285714285714,33.44466,-117.630415
1221067,0.31065870901821396,69.67857142857143,33.445434,-117.631445
1221074,0.479409245411649,197.17857142857144,33.445303,-117.631557
1221197,0.3877987845818934,86.03571428571429,33.45478,-117.647864
1221198,0.509371628007296,200.8571428571429,33.454615,-117.648005
1221232,3.7190977649514423,1229.0,33.450411,-117.639897
1221233,3.5557899327783,1355.821428571429,33.450269,-117.640023
1221234,0.3557618136821073,77.14285714285714,33.450411,-117.639897
1221235,0.4898278098362905,195.1428571428572,33.450269,-117.640023
1221567,0.5431798757275014,210.3928571428572,33.465471,-117.667379
1221572,0.34902855510427094,120.92857142857144,33.440202,-117.624486
1221573,0.5776027294230278,256.2142857142857,33.440044,-117.624646
1221577,0.38985521760039554,170.03571428571428,33.437336,-117.619943
1221653,0.3262489345715231,70.67857142857143,33.43749,-117.619773
1221774,0.576569808469095,218.17857142857144,33.467211,-117.670554
1221786,4.248701937114563,1611.678571428571,33.57795,-117.671974
1221788,0.6629326393275335,191.92857142857144,33.57795,-117.671974
1221795,6.736764196429735,3340.714285714286,33.581647,-117.671917
1221796,1.574124250339855,835.7142857142857,33.581647,-117.671917
1221803,4.156324521475322,1501.7142857142858,33.582649,-117.671571
1221804,0.6640231555601618,171.92857142857142,33.582649,-117.671571
1221811,2.9985772607112753,1087.892857142857,33.579257,-117.671612
1221812,1.4367123331884768,518.2142857142857,33.579257,-117.671612
1221819,4.577288177134568,1795.392857142857,33.596833,-117.675263
1221820,0.7087337698551573,185.53571428571428,33.596833,-117.675263
1221827,4.3972202713958115,1751.857142857143,33.598386,-117.67737
1221828,0.7162848257755036,188.75,33.598386,-117.67737
1221835,4.348977160577842,1483.2142857142858,33.597417,-117.675477
1221836,0.7760852354008625,225.2142857142857,33.597417,-117.675477
1221843,4.046895617081105,1608.7857142857142,33.599766,-117.679969
1221844,1.2294104437279347,637.8214285714286,33.599766,-117.679969
1221851,4.404110847381323,1524.142857142857,33.589674,-117.671796
1221852,1.3905181867733571,580.2857142857143,33.589674,-117.671796
1221872,1.574124250339855,835.7142857142857,33.489176,-117.663917
1221957,0.41966356256606246,106.5,33.751759,-117.846535
1221985,6.736764196429735,3340.714285714286,33.548803,-117.672686
1221987,1.574124250339855,835.7142857142857,33.548803,-117.672686
1221994,3.4681822472972628,1363.642857142857,33.548807,-117.672993
1222000,4.084200719008187,1521.75,33.541593,-117.67419499999998
1222006,5.262022172150373,2149.3571428571427,33.541637,-117.6736
1222012,3.5155953951961574,1382.392857142857,33.521679,-117.666416
1222018,3.7559122135805705,1401.178571428571,33.558096,-117.672848
1222023,3.813363690509179,1569.0357142857142,33.560694,-117.672778
1222030,3.4829318717241993,1372.2857142857142,33.56069,-117.673104
1222032,1.0565705276904895,688.0,33.541593,-117.67419499999998
1222034,1.3064820129835943,542.1428571428571,33.541637,-117.6736
1222036,0.5999479313556372,140.89285714285714,33.558096,-117.672848
1222038,0.6948838476263307,214.07142857142856,33.558094,-117.673168
3026011,1.0714001549207772,723.1785714285714,38.673594,-121.710978
3026012,1.0000402513966045,702.7142857142857,38.673849,-121.71098100000002
3026021,1.3820336389853762,977.5714285714286,38.671116,-121.594404
3026023,1.8916142298542609,910.3571428571428,38.671399,-121.594364
3026051,5.70808397320048,2338.0,38.56903,-121.510354
3026052,4.24400013997485,1755.0,38.568938,-121.510129
3028071,1.185368816955012,408.9285714285714,38.673196,-121.637082
3028072,1.0778136220410002,745.8214285714286,38.673458,-121.637059
3030131,2.0828108971349573,1278.821428571429,38.617567,-121.513545
3053081,1.4349725228071437,908.6071428571428,38.465288,-121.496782
3085091,0.019770901524149304,45.785714285714285,38.850368,-121.942228
3410041,0.5051787459332159,199.6428571428572,39.153297,-122.142116
3410044,0.4748789570940637,227.8928571428572,39.153343,-122.141783
3410081,0.43529057434758184,220.03571428571428,39.7894,-122.203274
3410084,0.4405657490790176,182.2142857142857,39.789462,-122.203566
3413011,0.9741703418714455,367.5,38.281296,-121.457486
3413014,1.0834915401650285,411.4285714285714,38.281377,-121.457075
3413021,2.301635460824165,914.1428571428572,38.621979,-121.515937
3413031,2.4012280510812842,888.3214285714286,38.623219,-121.5162
3413041,2.5693647003993276,988.9285714285714,38.65481900000001,-121.532396
3413044,2.947306661864044,1228.7857142857142,38.654808,-121.532743
3415081,0.40419926382656085,201.67857142857144,38.850661,-121.942533
3415084,0.4047747846662408,180.78571428571428,38.850653,-121.942964
3420041,0.5818305187296858,247.2142857142857,38.674859000000005,-121.741734
3420042,0.49703526856821395,31.75,38.674859000000005,-121.741734
3420051,2.780223609947497,1169.7142857142858,38.718045,-121.79958
3420055,0.501631340991363,416.57142857142856,38.718045,-121.79958
3420058,1.0765339575521564,482.7142857142857,38.718045,-121.79958
3420059,0.3064466823277924,194.0,38.718045,-121.79958
10112310,0.905595320702183,505.0357142857143,37.541537,-121.269255
10112510,0.8700190052990906,374.1785714285714,37.541307,-121.269537
10115010,2.2604011659214227,834.75,38.008123,-121.35255399999998
10115110,2.5334740028541756,756.6785714285714,38.008051,-121.352851
10115210,2.341301318356904,719.4642857142857,37.956019000000005,-121.32125
10115310,2.425824822853771,935.7857142857144,37.956206,-121.321206
10119510,0.4780748784510545,186.07142857142856,37.646026,-121.343318
10119610,0.533722843586635,302.1428571428572,37.646027,-121.342908
10119710,3.209787529952606,851.2142857142857,37.772756,-121.324357
10120010,0.7716797932413823,308.7142857142857,37.397357,-121.138433
10120810,4.787285114629475,1294.25,37.769615,-121.328681
10120910,2.76879084174611,1432.607142857143,37.881845,-121.278639
10121010,2.8068814892129326,1431.2857142857142,37.873847,-121.27757
10121110,2.76284970673429,1378.821428571429,37.856388,-121.281686
10121210,2.905277122604536,1454.2857142857142,37.842148,-121.285119
10121310,2.9478356240417525,1457.75,37.867682,-121.278508
10121410,2.9044476214964767,1454.7857142857142,37.849242,-121.283441
10121510,2.7649848679285185,743.5714285714286,37.810852,-121.296147
10121610,2.569210714858188,1372.392857142857,37.81302,-121.29504
10121710,1.3317097869024115,397.25,37.768233,-121.33057700000002
10125010,1.279997256865759,484.07142857142856,38.204251,-121.41509
10125110,1.209436792163041,462.9285714285714,38.204151,-121.415398
10126910,0.9659420304799404,617.5714285714286,37.395680000000006,-121.136822
10127210,4.568526824790945,2390.928571428572,37.77554200000001,-121.319973
10127310,4.7754552786832285,1248.642857142857,37.77577,-121.320277
10131110,0.8167665460895991,248.03571428571428,37.956019000000005,-121.32125
10131210,0.8764773279614967,410.57142857142856,37.956206,-121.321206
10131310,0.4773446932689705,76.42857142857143,37.95719,-121.329529
10131410,0.4773446932689705,76.42857142857143,37.957353,-121.329364
10131510,0.11818903374250751,44.21428571428572,38.008051,-121.352851
10131610,0.11151272110481446,61.85714285714285,38.008123,-121.35255399999998
10132110,0.7718081233509105,509.8928571428572,37.24213100000001,-121.087735
10132210,1.0194246996766259,199.57142857142856,37.242106,-121.088078
10133010,1.1024439394761267,155.14285714285714,36.932792,-120.843356
10133110,1.1024439394761267,155.14285714285714,36.93260300000001,-120.84363999999998
10141410,2.73093555745071,1404.321428571429,37.823668,-121.290943
10143810,0.10473266567188462,23.178571428571427,36.861873,-120.781642
10143910,1.1024439394761267,155.14285714285714,36.861746,-120.782055
10146610,1.481602615430936,721.8,38.275332,-121.45555199999998
10146710,1.0857358725651267,475.8,38.275247,-121.455947
